gene,full_sequence,first_5_residues
ACIN1,MSPADRCRSANTIEPATTSSLALF,MSPAD
AGBL5,MELRCGGLLFSSRFDSGNLAHVEK,MELRC
ARFIP2,MTDGILGKAATMEIPIHGNGEARQ,MTDGI
ATF7,MGDDRPFVCNAPGCGQRFTNEDHL,MGDDR
B3GNTL1,MPTWFCSRAWFSHVGPFNEGGQGV,MPTWF
BTNL2,MEVRWDRSHRYPAVHVYMDGDHVA,MEVRW
C17orf51,MGEKSRRKGPAPRHADGKLGRTCD,MGEKS
CNPPD1,MDLTGLLLDEEGTFSLAGFQDFTF,MDLTG
CU633980.2,MEWAKWTPHEASNQTQASTLLGLL,MEWAK
CXCR3,MELRKYGPGRLAGTVIGGAAQSKS,MELRK
DDX31,MAPDLASQRHSESFPSVNSRPNVI,MAPDL
ERMAP,MPEYKGRTVLVRDAQEGSVTLQIL,MPEYK
FAM193B,MPKLVKNLLGEMPLWVCQSCRKSM,MPKLV
FARP1,MGEIEQRPTPGSRLGAPENSGIST,MGEIE
FARP2,MGEIEGTYRVLQTAGMRLGAQTPV,MGEIE
FARSB,MPTVSVKRDLLFQALGRTYTDEEF,MPTVS
FBXO24,MGEKAVPLLRRRRVKRSCPSCGSE,MGEKA
FCHSD1,MDSRTVFGAWRCLLDATVAGGQTR,MDSRT
GBP2,MAPEINLPGPMSLIDNTKGQLVVN,MAPEI
GPN3,MPRYAQLVMGPAGSGKVRICGDKE,MPRYA
GPS2,MPALLERPKLSNAMARALHRHIMM,MPALL
INTS14,MPTDCVRRWARGEWGGRGPGTAFR,MPTDC
KCNJ10,MTSVAKVYYSQTTQTESRPLMGPG,MTSVA
KCNMB3,MQPFSIPVQITLQGSRRRQGRTAF,MQPFS
KIAA1211,MGEQKVSRQFKQCHRTTSWAKSKL,MGEQK
KLHDC3,MTPKGPAMCSMPLTSADCFSNDIH,MTPKG
KLK12,MGLSIFLLLCVLGEFSRSRERAGL,MGLSI
KRT9,MTLDDFRIKFEMEQNLRQGVDADI,MTLDD
LPIN1,MGEQDGIRSSSWETSQGKSSPDSA,MGEQD
MITF,MTSRILLRQQLMREQMQEQERREQ,MTSRI
MOV10L1,MSDISGQVTKLVKNYRSHEALLML,MSDIS
MYLK,MGDVKLVASSHISKTSLSVDPSRV,MGDVK
NDOR1,MPSPQLLVLFGSQTGTAQDVSERL,MPSPQ
NDRG4,MQEITKHFVVCHVDAPGQQVGASQ,MQEIT
NMRAL1,MVDKKLVVVFGGTGAQGGSVARTL,MVDKK
NOB1,MAPVEHVVADAGAFLRHAALQDIG,MAPVE
PCK2,MSPADFQRAVDERFPGCMQGRTMY,MSPAD
PGBD5,MPDYRTRALFVQSTLGDSAGPELQ,MPDYR
RDH12,MLVTLGLLTSFFSFLYMVAPSIRK,MLVTL
SH3PXD2A,MLAYCVQDATVVDVEKRRNPSKHY,MLAYC
SLC25A4,MGDHAWSFLKDFLAGGVAAAVSKT,MGDHA
SLC41A2,MTNSKGRSITDKTSGGPSSGGGFV,MTNSK
SLC7A9,MGDTGLRKRREDEKSIQSQEPKTT,MGDTG
SLITRK3,MKPSIAEMLHRGRMLWIILLSTIA,MKPSI
SOD2,MQLHHSKHHAAYVNNLNVTEEKYQ,MQLHH
SPECC1,MGNHSGRPEDPEPGAFTTTKRTGI,MGNHS
THEG,MGDSRRRSLGNQPSSEAAGRSERE,MGDSR
UNC13B,MPDLRRKKPLPLVSDLVKSLVQSR,MPDLR
UQCC3,MDSLRKMLISVAMLGAGAGVGYAL,MDSLR
UVRAG,MPDRLDTSVSCFVVKIWGGKENIY,MPDRL
ZFAT,METRAAGLLEFAGGPLHTLFAWVS,METRA
ZNF496,MPTALCPRVLAPKESEEPRKMRSP,MPTAL
ZNF718,MELLTFKDVAIEFSPEEWKCLDTS,MELLT
